	书名
思考，快与慢	50
人类简史	43
人性的弱点	41
乌合之众	41
非暴力沟通	31
影响力	22
原则	17
时间简史	17
刻意练习	17
自控力	15
未来简史	15
反脆弱	15
如何阅读一本书	15
心理学与生活	13
失控	13
认知心理学	13
社会心理学	13
沟通的艺术	12
思考的艺术	11
学会提问	11
沉思录	11
高效能人士的七个习惯	11
创新者的窘境	11
沉默的大多数	10
奇特的一生	10
心流	10
极简宇宙史	9
黑客与画家	9
习惯的力量	9
黑天鹅：如何应对不可预知的未来	9
精益创业	9
人类群星闪耀时	9
社交心理学	8
大数据时代	8
深度工作	8
穷查理宝典	8
爱的艺术	7
小王子	7
经济学原理	7
自私的基因	7
解忧杂货店	7
卓有成效的管理者	7
关键对话	6
黑天鹅	6
万物简史	6
时间的秩序	6
长尾理论	6
从0到1	6
自卑与超越	6
复杂	6
演讲的力量	6
资本论	6
亲密关系	6
把时间当作朋友	6
思维的乐趣	6
人类简史：从动物到上帝	6
追风筝的人	5
论语	5
人类的本质	5
情商	5
了不起的盖茨比	5
百年孤独	5
最好的告别	5
悲惨世界	5
富爸爸穷爸爸	5
思考快与慢	5
白夜行	5
领导力	5
三体	5
世界是平的	4
双城记	4
演化心理学	4
麦田里的守望者	4
社会契约论	4
一个人的朝圣	4
富爸爸，穷爸爸	4
超越智商	4
深度思维	4
追求卓越	4
断舍离	4
魔鬼经济学	4
财富自由之路	4
激荡三十年	4
把时间当做朋友	4
红楼梦	4
设计思维	4
常识的力量	4
赢	4
贫穷的本质	4
如何高效学习	4
异类：不一样的成功启示录	4
社会认知心理学	4
战争与和平	3
动物农场	3
乱世枭雄	3
论人类不平等的起源和基础	3
第五项修炼	3
精神分析导论	3
长夜难明	3
金字塔原理	3
暗时间	3
乌合之众：大众心理研究	3
全球通史	3
数学之美	3
行为经济学	3
沉默的春天	3
改变心理学	3
围城	3
星际穿越	3
深度学习	3
天才在左，疯子在右	3
我们时代的神话	3
社会性动物	3
行动科学	3
追寻生命的意义	3
工作大脑	3
增长黑客	3
麦肯锡方法	3
内向者优势	3
情绪的语言	3
社会动物	3
哈姆雷特	3
性格心理学	3
快思慢想	3
飞鸟集	3
史记	3
穆斯林的葬礼	3
关键决策	3
道德经	3
心理学导论	3
动物精神	3
人间失格	3
引爆点	3
如何学习	3
吸引力法则	3
众病之王	3
深度思考	3
成功的秘密	3
奇点临近	3
生命0	3
霍乱时期的爱情	3
极简欧洲史	3
认知失调	3
洛丽塔	3
钢铁是怎样炼成的	3
心智模式	2
深度	2
你的灵魂深处	2
学习如何学习	2
清晰思考的艺术	2
自我效能感	2
思辨的乐趣	2
边缘人	2
重构：改善既有代码的设计	2
人性的优点	2
货币战争	2
脑洞大开	2
极简人生	2
The Brain That Changes Itself	2
文化的智慧	2
极限领导力	2
巨人的陨落	2
乡土中国	2
极简主义	2
超预测	2
认知偏见	2
我是猫	2
思考的力量	2
连锁反应	2
墨菲定律	2
商业模式新生代	2
沟通的力量	2
时间的礼物	2
知觉与现实	2
时空简史	2
走出困境	2
品格的力量	2
操作系统概念	2
新生	2
思考的艺术与科学	2
认知行为疗法	2
种族偏见	2
文化心理学	2
傲慢与偏见	2
感性思维	2
十亿消费者	2
精益思维	2
人类行为的神经科学	2
学习之道	2
掌控情绪	2
史蒂夫·乔布斯传	2
好好说话	2
文化苦旅	2
解读人类行为密码	2
情绪智商	2
秘密	2
影响	2
认知偏差	2
囚徒困境	2
谈判的艺术	2
独裁者手册	2
认知科学导论	2
非理性繁荣	2
像数学家一样思考	2
思考,快与慢	2
细节决定成败	2
高效能人士的7个习惯	2
领导力21法则	2
睡眠革命	2
岛上书店	2
终生学习	2
一只特立独行的猪	2
达芬奇密码	2
大脑解密	2
厚黑学	2
追寻逝去的时光	2
流浪地球	2
乔布斯传	2
鬼谷子	2
囚徒健身	2
Emotional Intelligence	2
优势	2
爱的五种语言	2
卡拉马佐夫兄弟	2
少有人走的路	2
挪威的森林	2
统计学习方法	2
茶花女	2
中国哲学简史	2
领导力的艺术	2
营销心理学	2
思考的乐趣	2
大教堂与集市	2
平衡点	2
微表情	2
人性的缺点	2
商业思维	2
无声告白	2
我们的思维模式	2
漫长的告别	2
共舞团	2
学会思考	2
商业模式新生	2
活在当下	2
预测的崩溃	2
解忧杂货铺	2
致命习惯	2
决策与判断	2
程序员修炼之道	2
宽容	2
心理学基础	2
诗经	2
想象的共同体	2
骆驼祥子	2
思维的力量	2
行为心理学	2
禅与摩托车维修艺术	2
破茧成蝶	2
人性的弱点2	2
反脆弱：从不确定性中获益	2
勇气	2
深度心理学	2
批判性思维	2
海边的卡夫卡	2
人人都能谈判	2
极简思维	2
人性的枷锁	2
巴菲特致股东的信	2
大脑的故事	2
一万小时天才理论	2
意识的宇宙	2
被讨厌的勇气	2
1984	2
连接	2
创造力爆发	2
情感心理学	2
与时间做朋友	2
牛奶可乐经济学	2
思考的技术	2
生命心理学	2
智能时代	2
人际关系心理学	2
无人生还	2
艺术的故事	2
随机漫步的傻瓜	2
启示录	2
智慧集锦	2
生命之书	2
安徒生童话	2
寻路中国	2
故事的力量	2
枪炮、病菌与钢铁	2
故事魔力：如何用好故事影响和感染他人	1
罗波系统：病理人格类命名与概念	1
心理学原理	1
毅力：自控力的秘密	1
孤独的力量：如何与孤独和解	1
路向灵魂的回家	1
生命中的第一百万个小时：如何掌控自己的时间和能量	1
解读人性：为了更好的人际关系	1
行为选择之谜：为什么我们做出选择	1
走出发展迷局	1
思维误差的感染：认知偏差和概率错误	1
恐惧病理：理解恐惧和焦虑障碍行动指南	1
走近自闭症：治愈孩子的30个步骤	1
臆想进化学：调整大脑，改变人生	1
改变习惯的神经科学：通过训练建立更健康的思维和行为习惯	1
幸福的陷阱：为什么我们的期望屡屡落空	1
网络有害：社交媒体如何销毁文化，社区和人类	1
社交动物：人类如何成为社会性动物	1
父母都有原罪：我们为什么会变成我们的父母，以及如何摆脱	1
活在当下：一堂培养与平静相处课	1
别让负面情绪控制你：打败情绪黑洞，重新寻找身心健康的快乐	1
领导艺术	1
积极心理学：积极人生的心理学	1
预见	1
生活是一道算法题：为什么你该会计算	1
逆向思维	1
重磅：如何成为一个预言家	1
球状闪电	1
这里比天堂更明亮	1
书写与文学	1
社会学与人性别行为	1
决策的艺术	1
即兴演讲	1
自我关怀的艺术	1
教育的本质	1
爱情的进化心理学	1
自由的构成：生命、幸福与人类自由	1
量子思维	1
赢在改变	1
让时间陪你慢步走	1
左脑右脑的异像	1
思考的深度	1
时间的读数	1
让时间成为朋友	1
获得人际资源科学	1
好好休息：睡眠不好会把你变笨	1
哲学和现代人生	1
人脑与人类性格	1
人生自理	1
笑话背后的心理学	1
演讲的艺术	1
压力的生物学	1
生命之树，牵手走今生	1
语言、思维与现实	1
谈化学和私人生活	1
幸福的还原剂	1
快乐同行	1
有所选择：为什么我们做出某些决定	1
澳大利亚番外篇	1
走进心灵	1
情感控制：自我安慰神经科学	1
街头哲学	1
茁壮成长：从婴儿到少年，孩子的全部发展习惯	1
精神病学概论	1
生物进化心理学：思维演变的历史脉络	1
远见	1
力量	1
未来的世界	1
时间切片：理解过去、现在、未来	1
发现你的本质	1
达芬奇法则	1
形而上学	1
21、人工智能：现代方法	1
我的世界不再困扰我：儿童心理治疗精品	1
历史的尘埃	1
26、穷爸爸，富爸爸	1
25、硅谷之谜：让世界无法抗拒的产品是怎样炼成的	1
知识分子	1
犬之死	1
世界尽头与冷酷仙境	1
精神分析引论	1
理想国	1
安得烈·盖德传	1
单纯之美	1
大轮回	1
我们为什么会犯错	1
调查	1
静默的大多数	1
园丁集	1
菩提树下的公案	1
飘	1
心理测试与行为评估	1
人类进化史	1
学习的艺术	1
让人谈笑风生的沟通：成功人士的沟通技巧启示录	1
因果基础	1
目标	1
调整你的大脑：颠覆老思维，打造新格局	1
认知心理学：思维的科学	1
习惯的力量：为什么我们做什么最重要的是如何做	1
情绪的解读：一个推理系统的哲学分析	1
精神分析概论	1
意志力：重建自控力，克服拖延症	1
乌合之众：群体心理研究	1
权力的抉择	1
脑力风暴：打造创新引擎	1
双黄线：培养思维边界的三段式方法	1
亲密关系：探索爱和接受的艺术	1
自在力，把握未来：解锁社交成功的关键	1
心理健康的微积分	1
24、这就是互联网时代	1
穿透事物的纹理	1
爱因斯坦的梦	1
22、硅谷钢铁侠	1
5、刻意练习	1
6、说服力	1
7、思考，快与慢	1
8、最好的告别	1
9、孤独的力量	1
10、猜错与修正	1
11、天鹅湖	1
12、胡桃夹子	1
13、吉赛尔	1
14、灰姑娘	1
15、罗密欧与朱丽叶	1
16、设计心理学	1
17、故事：你的品牌与顾客到底讲些啥	1
18、定位	1
19、黑客与画家	1
4、人性的弱点	1
3、人类未来的十大挑战	1
改变你的思考改变你的人生	1
2、未来简史	1
苏菲的世界	1
你的生命悟道	1
生命的闪光	1
冰与火之歌	1
23、未来之路	1
鲁滨逊漂流记	1
捕梦网站	1
波西米亚人生指南	1
人类简史图解版	1
我不是潘金莲	1
不一样的卡梅拉	1
化身博士	1
世间秘密	1
东京大饭店	1
1、人类简史：从动物到上帝	1
抵抗力	1
人类大脑的真相	1
如何努力：不靠运气，只靠自己，百万富翁的人生智慧	1
21世纪的沟通修炼：如何成为更好的人际处理者	1
学会管理：如何更好地管理人和事，为团队打赢战役	1
成长的烦恼：如何调适人生中的转折点	1
幸福的科学：当代西方心理学与东方佛教的交融	1
意识的机器：如何通过人工智能，深度学习和计算思考理解自然语言	1
如何说话才让别人爱听，如何听话才让别人喜欢交流	1
认知心理学探究：大脑是如何思考的	1
什么是恐惧，人类的恐惧如何影响大家	1
物理和心理：内在驱动力和真实世界	1
毛茸茸的大脑：理解人类认知的核心	1
彻底打败习惯：改变你的思想定势，创造不同的自己	1
行动开启智慧：我们如何从享乐中学到爱和盼望	1
移动心理学：移动设备带给我们的千变万化和无限可能	1
明智地习惯：越变越好	1
从猴群到人类：论人类的进化	1
原来你很厉害	1
学会学习	1
如何做好人生中最重要的决定：不只是一个时间管理问题，还需要正确的思考方法	1
大脑漫游：如何通过放松与创造力改变人生	1
人性的光与暗：如何从扭曲行为的角度看待欺骗和被骗	1
阻止过度自我约束：让生活更开放，玩得更开心	1
远离拖延症：解决慢性拖延的科学方法	1
很CSS了：隐藏在很多人技能树里的CSS基础	1
自控力：关于意志力的现代科学探究	1
感情的表达：情感，心理认知与社交行为的生物学基础	1
自我批判的艺术：欣赏自己，拥抱人生	1
善用事情竞争的传统，提高效率和创新	1
情感第一：再聚焦人类优势	1
心流：如何沉浸于自己的工作和生活	1
内隐的动机：探究人的真正动力	1
初心：如何重燃热情，找回目标，迎接无限可能	1
情感营销：如何让别人喜欢你，只需要掌握5个基本技能	1
成功，被动收入和梦想职业：如何实现财务自由	1
应该更有坚持力：如何创造现实中的成功和表现	1
好的生活：行动的指南	1
媒体识别力：如何防止假新闻和消极影响干扰你的长远目标	1
走出迷茫	1
The Power of Now	1
20、长尾理论	1
放下你的武器	1
奇袭之战	1
28、经济学原理	1
促进	1
谈判心理学	1
领导的艺术	1
过度与不及	1
黑天鹅：彩色天空下的灰色思维	1
快乐的谷仓	1
27、黑天鹅：如何应对不可预知的未来	1
神经科学人文主义：向一个更全面的人类学问	1
沟通的力量：心灵行为医学的实践与教导	1
文化人类学导论	1
成功的科学	1
现代心理学	1
信任的背后：从基因到社会行为的一致性	1
绳结手册	1
29、中国经济的成功之路	1
做诸如此类的事	1
崛起	1
策略思维	1
敢想敢做	1
认识创新	1
解密人类五大局限	1
整体人类：涌现时代的人类认知革命	1
因果关系	1
隐形的争斗	1
另类选择	1
定位：战略创新的发现	1
执念	1
主宰你自己的命运	1
管理领导力	1
创客新神话	1
形而上之旅	1
见闻录	1
追寻记忆的痕迹	1
设计的意义	1
剪不断的细莫	1
生命是什么	1
资本家的罪孽	1
戈登·拉姆齐的理财课	1
滞涨时期	1
整洁的力量	1
书呆子的复仇	1
魅力心理学	1
未来50年：科技、战争与全球重新洗牌	1
判断的艺术	1
情绪勾结：理解身体、应对挑战，改变你过去，重塑你的未来	1
静心的力量	1
理性（与群众同行）	1
发现内在自我：在你的心灵深处寻找自我	1
科技愈发强大	1
思维之巅	1
孩子，批判性思维和信仰	1
能力掌控	1
笑话的演进：比利时语言、文化与社会	1
精进：如何成为更好的自己	1
头脑决策	1
父母丛书：让你的孩子更聪明	1
心流：享受自我流动的心境	1
哲学家们在谈论什么	1
新科技的滥用	1
暴露	1
女性的先天优势	1
基本方法	1
强大的思维	1
脑袋好转，一生受用	1
信仰的成因	1
世界无神论之最	1
洞见力：与平凡眼界告别，看见更多	1
乌鸦原理	1
深度脑思维	1
科技如何改变人	1
有未来的人	1
生命史	1
是否有公正之道	1
对理解科学的贡献	1
信任：社交生活的行为经济学	1
理性情感与人格	1
心理咨询学	1
跨文化心理学	1
治愈系心理学	1
心灵文化	1
生命认识觉悟	1
生活中的心理学	1
如何理解人性	1
性格的识别与分析	1
健康心理学	1
行为与认知	1
奋斗的人生最美丽	1
心流：认知心理学研究的新视角	1
精益思想	1
带着问题学习	1
青年修炼手册	1
重新定义公司：时代商业新规则	1
幸福心理学	1
情绪心理学	1
选和缺失	1
从脑科学到人类生活	1
个性心理学	1
人格与情绪	1
成长心理学	1
人类行为	1
正义感	1
行动与判断	1
如何活得更好	1
思维与刻板印象	1
心理学史话	1
爱情与人格	1
人的智慧	1
动机与行为	1
群体心理学	1
性别学与社会心理学	1
社会心理学之路	1
教育心理学	1
真实的谎言	1
催眠	1
孪生的灵魂	1
脆弱的力量	1
终极体验	1
关键句	1
爆发力	1
无为而成	1
气质	1
通向流畅的艺术	1
扭曲：光大之下的人性黑洞	1
致命的欲望	1
信念使命	1
我们究竟何时休战？	1
自由意志的错觉	1
安静：内向性格的力量	1
情绪智慧	1
性格结构与人格心理学	1
认知神经学	1
价值投资	1
极限持续	1
情感孤独	1
周期波动	1
八面来风	1
不确定的大陆	1
天才与疯子	1
既定事实	1
人格心理学	1
在人类学家的眼中	1
隐私悖论	1
思想与世界	1
销售之王	1
发明家的思考方式	1
破旧立新：个人和组织的转型	1
深度沟通	1
一本书看懂世界	1
算法的进化	1
生命的秘密	1
思维的进化	1
为了幸福而战	1
大众心理学	1
逆向心理学	1
思维模式	1
指数思维	1
道德情感植根论	1
创造性思维	1
写作艺术	1
有意识的思考	1
精力管理	1
个人潜力发掘	1
想象力的力量	1
认知心理学和认知神经科学	1
成为深度思考的人	1
代际才能	1
公共心理学	1
慷慨心理学	1
意识	1
行星的孩子	1
色彩心理学	1
梦想	1
愤怒管理	1
注意力力量	1
改变：影响力的心理学	1
物理学的哲学	1
管理信息系统	1
赚钱心理学	1
全人类的智商	1
东亚哲学概论	1
主观幸福度的经济学	1
不确定性下的战略	1
你的刻板印象是错的	1
成功的慷慨秘诀	1
反脆化：变的更强，而不是变得更强壮	1
数据并不会说谎：数据如何推动商业成功	1
学会专注	1
专注力的世界	1
黑天鹅：如何应对不可预测的未来	1
工作中的精神分析学	1
思考与色彩	1
英语流利说	1
领袖的自我修养	1
制造业精益管理	1
红树林	1
创造力课	1
掉进兔子洞的经济学人	1
平衡的心理学	1
只要学会一种：人性的起源	1
领导力的一百个经典	1
人生的智慧	1
给生命树浇水	1
谁把我们的橡树砍了？	1
领导之力	1
窥见未来：技术变革如何改变我们的生活	1
数字营销之光	1
还未完成的奇迹	1
社会：不平等的根源和演进	1
有知识的未来	1
快乐学习	1
改变大脑，改变人生	1
理性的乐趣	1
圣经中的历史	1
复杂的兴趣	1
内向的优势	1
奇闻异事	1
创造团队的创造力	1
设计的力量	1
31、第二次机器革命	1
化繁为简	1
阿米特·史黛特	1
基本形式的陷阱	1
存在主义心理治疗	1
神经科学和修行的对话	1
这就是二十世纪	1
全球性思维：跨文化合作与全球竞争时代	1
演化的威胁	1
情景变量口袋书	1
无声的爆炸	1
拆掉思维里的墙	1
智者千虑必有一失理论	1
大学和伟大的社会	1
黑客：未来密码	1
成为自主，不自闭	1
为什么呢？思考探究人类如何思考	1
华严经	1
向学神山	1
欧尔巴桥上的陌生人	1
两个证人	1
路边野餐	1
演化心理学：如何破译人类行为的谜团	1
霍金：一个简明简史	1
群体智慧	1
巨婴国：让孩子健康成长，让生命更加美好	1
溯源：人类的起源、旅程和现在	1
社会性动物：人性的基因基础	1
社交动物：人类的互动与社交	1
催眠的历史与应用	1
创伤心理学与儿童保护	1
内在生命力	1
自由真相	1
代码大全2	1
如何有效阅读一本书	1
编程珠玑	1
改变与习惯	1
刻意练习：达到能力极限的秘密	1
企业文化的艺术	1
自由：另一种思维方式	1
演说的艺术	1
向日葵	1
原生家庭	1
复活	1
自干五十年	1
幸福的方法	1
痛苦的告别	1
主宰时间的方法	1
易经	1
商界守则	1
快乐的单车	1
抗拒冰冷的世界	1
会议之美	1
团队之美	1
已知：决策中的谬误与稀有性	1
情商课	1
搜神记	1
消失的巨人	1
深度睡眠的艺术	1
改变自己	1
幸福垃圾场	1
意志力：成就财富与自我亲和力的远航	1
构建你的个人品牌	1
寡头是如何思考的	1
北斗七星导航程序	1
具有高度意义的人生	1
快乐不用靠人任何人	1
知识分子的哀悼	1
太空漫步时间	1
致命的自负	1
汉字的故事	1
金字塔原理：思考、表达和解决问题的逻辑	1
小决定，大飞跃	1
失控手记	1
财富的起源	1
卫报	1
永恒的梦	1
如何系统性思维	1
主人翁经济学	1
MBA必修课	1
稀缺	1
批判的思维	1
Lean in	1
文化的世界地图	1
走出幸福的迷宫	1
荒野之魂	1
房价为什么这么高	1
乌克兰的降临	1
中国经济的转型	1
性别差异的起源	1
计算机操作系统	1
数据挖掘导论	1
优秀的细节：如何工作与生活得更有品质	1
罗马的沦陷	1
玩转金融科技	1
全球文明？	1
不可思议的残缺	1
波士顿派的智慧	1
争吵的艺术	1
清醒的独裁者	1
绝对值	1
灵魂的领导力	1
萨伦定理	1
世界队长谈重要关系	1
美颜的陷阱	1
高明的简单	1
创造力之光	1
爆裂：思维力的惊天爆炸	1
时间的秘密	1
魅力的生命力	1
世界的面纱	1
幸福的起点：追索幸福的科学	1
肉身阅读	1
笑面人	1
荒岛余生	1
荒野之美	1
剑桥明信片	1
阿贝算·鸟栖算	1
脑贝尔定理	1
草祭物语	1
没有神的旅行	1
触须短的章鱼异闻	1
挚爱官场	1
幻夜	1
赛博朋克	1
我们的思想如何改变心情	1
新学习心理学	1
尼采语录	1
漫步人类思维	1
上帝掷骰子吗？量子物理史话	1
谁的自由？	1
30、资本论	1
效率之巅	1
32、Tipping Point: How Little Things Can Make a Big Difference	1
野蛮行为	1
认知能力与学习过程	1
从神经学到人类智能	1
聚焦思考：从习惯到意志力	1
心理学及体育运动	1
脑与身体的互动	1
认知项目管理术	1
思维的底层与文化	1
真相：如何看待信息洪流中的事实和谎言	1
掌握创造力	1
我们的学校为何失灵	1
意志力的力量	1
让时间陪你慢旅行	1
武器化心理学：科技巨头如何利用我们的认知偏见	1
社交人类学	1
语言起源	1
感觉是如何组成的	1
知识的力量	1
认知时代的未来	1
认知与语言的关系	1
学习资源和认知过程	1
时代之艺术——一个新的美学哲学	1
文艺复兴的认知革命	1
逻辑思维的艺术	1
认知经济时代的新思维	1
思维的智慧	1
情境与认知	1
认知美学方法论	1
新媒体的认知影响及其作用	1
思维的能量	1
心智与社会化	1
认知生态学	1
心智可塑性	1
认知科学与人工智能	1
心灵囚徒：为什么认知科学家坚信自由意志是真实的？	1
快速思维	1
幸福的基础	1
艺术与可持续未来	1
市场博弈	1
集体智慧的力量：大众合作与共创的新经济	1
魔鬼藏身处：思维模型的设计与思考	1
无意识的共情：跨越好坏，发现文化的力量	1
进化与心理学	1
思维快车	1
巨商大亨阅读计划	1
新人类：人工智能和未来的精神发展	1
如何制造共鸣	1
知识万能贯穿始终	1
思维导图：解锁你的思考潜力	1
正向心理学实用指南	1
为什么我们工作：新历史学，自由主义和自我改造	1
一本书读懂身体语言	1
无意识的幸福	1
说话的艺术	1
合伙人	1
字谜	1
有关人类职场行为的15个数学模型	1
人性的基础	1
超越他山：我们如何改变和成长	1
什么让我们快乐？	1
演讲震撼人心	1
正确联想：大脑的运作机制	1
科技并非鼓励社交，却改变了我们的社会	1
沉思力：阴暗面如何阻碍我们思维的清晰度，决策的理性和创意的激情	1
关于进化的意大利乡村故事	1
阅读的力量	1
沟通的艺术：大师级谈判和口头表达技巧	1
快速阅读：11项技能，48项技巧	1
迈向卓越：改变人生的智慧之路	1
充实的人生	1
时间的真相：思考、实践、成长	1
如何有效地思考	1
人们如何学习	1
毒性男友：大众文化中的暴力男性角色	1
本能：理解本能行为，掌握自惯性机制	1
全球化时代的民族认同	1
全球化与异化	1
可复制的领导力	1
科学的哲学——认知科学的综合研究	1
认知心理学——一本入门教材	1
人因工程的理论与应用	1
心灵探秘	1
社会心理学与人际关系	1
边缘认知与文化经验	1
认知发展与教育	1
自我概念与个体差异的认知心理学	1
视觉与认知心理学	1
创造与灭亡	1
认知社会学:人类的认知与社会环境的互动	1
人倾向于去买又去卖的东西	1
易经中的认知神秘性研究	1
反认知：解构人类自觉性	1
成功的逻辑	1
控制论与应用	1
必然：生命、自然与必然法则	1
认知神经科学的发展与应用	1
积极心理学——发现人生的意义、创造更美好的健康、生活和工作	1
视觉与认知的发展关系研究	1
网络行为心理学	1
人类群体的智慧	1
我们为什么这样做？	1
智者的悲哀	1
第六感：感知未来的艺术	1
精神卫生教育中的社会学、心理学及哲学	1
身心一体化的基础——人类学视角	1
人类登录：一场预测智能引发的新革命	1
政治心理学	1
企业认知	1
弱视觉及其神经机制	1
社交认知和荒唐	1
弱视觉认知及其应用研究	1
海洋社会心理学	1
认知科学姿态下的语音研究——逻辑学和哲学的基础	1
工程认知心理学	1
智能资本主义	1
复杂——一个新科学的探索	1
认知外伤与咨询干预	1
我们的大脑	1
精明的投资者	1
死亡是一个故事	1
衣服的故事	1
文化的乐趣	1
众病之王：癫痫的历史	1
为什么成为一个好父母	1
学术的本质	1
超链接心智	1
批判性思维：你所需要的不只是常识	1
心灵实验室	1
思考方式	1
思维方式	1
超越麻烦	1
天才的思维方式	1
资讯视觉思考力	1
思维的能力	1
独自在家：让孩子自主成长的最好方法	1
平凡的世界	1
成为	1
亲密关系：如何保持幸福的爱情	1
穷爸爸富爸爸	1
追寻记忆的狩猎者	1
无声的冲突：如何快速找到人们的共同点并与他们建立联系	1
格局	1
说服力	1
为什么会这样	1
追寻时光的孩子	1
乐观的父母，成功的孩子	1
人体简史	1
创新的艺术	1
洗澡的时间	1
发现你的天赋	1
像ADLER一样思考	1
扼杀创造力	1
为什么我们睡觉和梦想	1
正念：从入门到拥有	1
颠覆者思维	1
生物黑匣子	1
孙子兵法	1
演化的心理学	1
品性论	1
毛泽东选集	1
信息社会概论	1
人性的弱点全集	1
穆斯林的苏丹国	1
机器人革命	1
教育的艺术	1
人性论	1
人类之弱点	1
基因的神话	1
政治秩序的起源	1
经济学家阅读指南	1
我们这一代	1
托尔斯泰传	1
富兰克林传	1
文明的沟通	1
民主的不确定性	1
菊与刀	1
在追忆中寻找	1
为什么不同的文化习俗使人发挥出不同的潜力	1
简明逻辑	1
对话的力量	1
复杂性思维	1
看不见的门：社交心理学课程	1
慢技术：反设计的权利	1
如何读一本书	1
科技的恶魔	1
转折点	1
如何看到帝国的新服装	1
领导人才的分类	1
呼吸的艺术	1
梦想的赞歌	1
关于进化的神话	1
形式的含义	1
应该如何生活	1
华丽的欺骗	1
观察日记	1
十亿消费者：中国市场见闻录	1
工作原理：成功人士的思维方式	1
量子意识：脑、思维和宇宙的宏伟计划	1
怎样阅读一本书	1
无人知晓的希腊神话	1
数据化思维	1
模糊逻辑	1
艺术世界	1
治国理财	1
皮囊	1
知识的结构	1
长尾效应	1
幸福的家庭七法则	1
数学：一种哲学探究	1
虚拟世界和现实世界的脆弱边缘	1
领导非常规智慧	1
世界经济史	1
论人类自由和公民权利	1
生命是什么：生命科学的基本问题	1
工业社会的兴衰：人类历史的发展和丰富	1
信仰的力量	1
万历十五年	1
读书痴呆	1
芬威社区论	1
乌合之众的心理	1
物竞天择：生存还是死亡？	1
为什么改变会失败	1
美国陷阱：人口、财富和国家实力的危机	1
分形思维	1
证券分析	1
掌控：用科学式的思考方法解决复杂问题	1
论自然的国家	1
智慧之书：全球治理的艰难道路	1
生物中的信息	1
万有引力	1
过度投资行业：华尔街不想让你知道的事实	1
想法：关于创意的心理学	1
深入人心	1
资本与固定产投资	1
制定政策的理论和实践	1
让时间废物	1
超越感觉	1
带着问题阅读书籍	1
认知体验和与它有关的哲学问题	1
关于君子学](带评注本)	1
造物：从火到互联网，谁是人类历史上最伟大的创造者？	1
国家的崛起	1
性冲突	1
人类的故事	1
谁杀死了自由市场	1
绝对独立	1
免费之后：2016年互联网行业发展报告	1
完凭心主板	1
解决实际问题的系统思维	1
思想面貌变迁史	1
价值投资原则	1
伊甸园失宠的夫妇	1
最好的我们	1
五个为什么	1
生命0：人工智能时代的人类生存与发展	1
魅力社交	1
感性思考	1
安娜·卡列尼娜	1
谢谢你上瘾	1
商业的本质	1
五大民族的秘密	1
灵感的爆发	1
大秦帝国	1
难以置信的观点	1
企业家精神	1
我们的教育你务必明白	1
认知天性：人类思维的本质	1
思维的艺术与科学	1
认知过程与心智模型	1
自传及其它	1
人类的弱点	1
物理规律简介	1
岛塞门传说	1
贫穷的本质：为什么贫穷总是跟着我们走	1
特立独行的猪	1
万物皆可部落化	1
领袖葛鲁基	1
将军的谋略	1
超众凡人	1
陷阱效应：如何规避成见、偏见和思维误区	1
他们最幸福：大数据揭示生命真正的秘密	1
洗脑术	1
顾客的DNA	1
数字文化	1
看不见系统的人	1
疯狂的人类进化史	1
突破媒介万障	1
激进行动的力量	1
繁荣社会的隐秘结构	1
魔鬼藏在细节里	1
幸福的选择	1
犹太非典型人	1
简明写作	1
爱就是行动	1
活出生命的意义	1
逆行者	1
成功致富的七个原则	1
现代成长科学大全集	1
压抑性文明	1
删除误读	1
艺术思考	1
改变世界的书 机器人革命是怎样到来的	1
情绪管理	1
教父	1
细节	1
顶尖管理者的习惯	1
筋疲力尽时，开始理财	1
管理是个学问	1
摆脱过多选择	1
蝴蝶效应	1
选举心理学	1
33、超越智商	1
肉身和理性	1
黑白森林	1
管理学思想大师传	1
华尔街	1
日本桥	1
白痴	1
猜想与证明	1
迈向哈佛	1
九个谎言	1
人类的智慧：科学、哲学、文学哲学的综合视野	1
社会风险与不确定性	1
智慧是什么	1
菲利普斯家族	1
凯恩斯传	1
这就是我们的生活	1
实用心理学家手册	1
认知能力训练	1
平面设计原理	1
人生是什么	1
策划人生	1
言论自由与它危机	1
受伤的人	1
论自由	1
活在当下：一个佛教导师的建议	1
时光倒流七十年	1
超额利润	1
孤独的感觉	1
管理的例外	1
自我再现	1
成熟	1
万物皆为浮云	1
美丽新世界	1
最初的15天	1
时间收割者	1
基因革命	1
与神对话：成为自己的灵性导师	1
幸福课	1
创造的疯狂	1
智慧的缔造者	1
联想的力量	1
这就是心理学	1
慢思维：思考的艺术	1
诺丁山的孩子	1
多元文化主义：自由、平等和文化认同的政治理论	1
老人与海	1
基督山伯爵	1
哥德尔、艾舍尔、巴赫	1
如何思考像禅师	1
调和的生命	1
创意思维	1
生活万物论	1
启发式思考	1
领袖的视野	1
核心领导力	1
生命的意义	1
激发学习的力量	1
母性本能	1
社会学原理	1
经济学原理：宏观经济学分册	1
经济学原理：微观经济学分册	1
舞者的灵魂	1
文明之光	1
窃听者与雄鹰	1
牛津心理学指南	1
牵引力	1
按字母排序	1
颚与灵魂	1
孤独的乡村	1
表象与事实	1
阅读圣经：全球文化考古学	1
拒绝成为平庸的人	1
高管鲨鱼	1
困惑中的父母	1
让大脑发挥最大潜力	1
诗的语言震撼我	1
无硝烟的战争	1
不可能的乌托邦	1
经验的心理学	1
做事必须有方法	1
七种思维	1
利用边缘思维大概率识别未来	1
一心参与	1
心智的经济学	1
管理大师们	1
认知行为疗法：基础与实践	1
斯多克利的抉择	1
行动的艺术：创造者们的秘密	1
人格心理学手册	1
逻辑思维训练	1
重构工作	1
创意灵感的神秘力量	1
自学是门手艺：如何保持好奇心，拥抱变化与成长	1
联系：神经科学告诉我们如何建立人际关系	1
创意思维的七堂课	1
重新定义公司	1
有效思考	1
社会智慧	1
50、万物生长	1
49、人类群星闪耀时	1
34、美国陷阱：过度扩张的代价	1
35、人性的弱点	1
36、梦的帝国：日本历史	1
37、一只鼓动人心的马	1
38、穆斯林世界的崛起	1
39、亦凡公主	1
40、菜根谭	1
41、史蒂夫·乔布斯传	1
42、特朗普自传	1
43、斯诺登自传	1
44、拉林：一个传奇的生涯	1
45、姜文自传成名之路	1
46、天才在左，疯子在右	1
47、小王子	1
48、1984	1
思维的定势	1
日本人为什么这么聪明	1
天才的游戏	1
人间词话	1
格列佛游记	1
西游记	1
活着	1
遥远的救世主	1
跨越发展的瓶颈	1
青年文摘	1
西部的玫瑰	1
了不起的修辞学	1
分手的艺术	1
强制性思维训练	1
狄更斯传	1
终于教会你用Python	1
没有人是孤岛	1
悖论	1
海明威静静地走了	1
乱世佳人	1
軍師	1
假如给我三天光明	1
怎样解题	1
悉达多	1
你觉得多聪明，你就会多聪明	1
赤脚心理学	1
十分钟的专注力	1
追梦课	1
开放公共场所导论	1
螺旋：达芬奇、赋形与自然之道	1
我的职业是小说家	1
别让愤怒控制你	1
生活中不可承受的轻ness	1
跨越困境	1
名人传	1
失落的象形文字	1
近距离依存	1
权力的游戏	1
行动的艺术	1
有所为与无为	1
自由与责任	1
金融领域的行为金融学	1
人际传播	1
猫和她穿的红鞋子	1
自我的解放	1
交互式数据可视化	1
人类行为的正义之光	1
人际交往	1
糖果屋手记	1
万有引力的极限	1
精确测量	1
当品牌遇上传说	1
心理学研究方法设计	1
头脑的话语	1
一九八四	1
虚构的故事	1
非理性的黄金	1
野性的异化	1
光顾的婚姻	1
如何成为像极客一样思考的人	1
幸福的科学	1
关于人的性质和原则	1
发现自我	1
二十世纪的资本	1
创意思维的秘密	1
脑力降维	1
移动大师	1
心智黑洞	1
运筹学	1
幸福的勇气	1
情绪勇气	1
日本社会的个人主义	1
打破思维定式	1
系统思考	1
情感万物	1
宇宙的创造与毁灭	1
真实的恐惧	1
美国的奴隶制度	1
思维的艺术	1
向前一步	1
不确定性的时代	1
有关忏悔录	1
情思诗选	1
金银岛	1
风云城	1
北方园林艺术	1
堂吉柯德	1
有关全球艺术	1
世界上的女人	1
道家学说原典	1
改变开始于你	1
算法导论	1
牧羊人的谎言	1
教育的幸福	1
组织行为学	1
动机与人格	1
国民性论	1
评估中的社会认知	1
盖茨比	1
喜马拉雅	1
自由精神	1
复杂系统	1
布兹卡西德的文化	1
图书馆的残骸	1
观念的历史	1
莱茵河的孩子们	1
科学革命之路	1
优秀的团队如何做出了决策	1
心灵瑜伽	1
写作的艺术与技巧	1
影响力工具箱	1
从搭档到领导	1
精选中国古诗词	1
维京的世界	1
葡萄牙的文艺复兴	1
智识管理之道	1
不一样的人生简史	1
万维钢：奇点临近	1
探索创造性：如何唤醒创意、梦想、想象、创业欲望	1
复杂的意识	1
语言本能	1
爱上读书的猫	1
理想的万花筒	1
独自去偷电影	1
说服力：如何让他人答应你	1
隐形的城市	1
灰色人	1
关于我转生成为史莱姆这档事	1
追忆似水年华	1
未来工作机会	1
唐吉诃德	1
像一只麻雀一样飞翔	1
奇幻山林	1
笨手笨脚的人	1
匹兹堡马拉松	1
超越智商: 认识你的智力类型，拓展你的工作、思维和人际关系能力	1
良心经济学：有效做事不悖道义	1
精准	1
看微笑的孩子	1
当我谈跑步时，我谈些什么	1
赤裸裸的统治	1
简单的心理学	1
英国的身份	1
当窗消失	1
娜拉的微笑	1
叙事心理学	1
反常：一个金融家的告白	1
和平的力量	1
原子习惯	1
永恒的九日	1
疯狂的人类简史	1
黑匣子思维	1
臭名昭著的皮克斯定律	1
地球是我们共同的家园	1
虚构的世界	1
孤独六讲	1
沉默的大多数：为什么我们需要原则、技巧与实践来应对压力、疾病和困难	1
格局：看呆出色人生	1
团队绩效	1
艾波菲尔的辉煌	1
人生整容术：重塑个人形象，让自己更完美	1
超越退休年龄：重新定义社会责任，建立更好的未来	1
反转思维：超越“正常”，成为颠覆性思考的人	1
浪漫的幸福法	1
刻意练习：如何追求卓越？	1
联结性领导	1
正确的解决问题方法：用科学方法升级思维	1
领导差异：领导力开发与人格塑造的科学方法	1
创意的迭代：从想法到策略	1
你活出了谁：用人生故事书写自我认同	1
智慧与意志：塑造你的人生	1
压力与决策	1
挑战主权国家：国际秩序在合作中建立	1
现代组织理论	1
思维，快而慢	1
勇气：改变害怕的暴力与忍让的沉默	1
实现：运用战略与执行提升组织绩效	1
管理革命：企业管理学的新时代	1
破晓：如何建立、运营和成长成功的企业	1
职场心理学：掌握攀升人生的五个阶段	1
管理学的设计思维	1
聚焦	1
行动策略：个人变革、治理和持续发展	1
跨越标准的领导力：缔造卓越组织的思维方式	1
领导力之澕：建立超群团队，引领高效管理	1
谁推动了改变：用力量和领导将改变带入我们的人生和工作	1
主动轮廓：卓越领导力核心	1
讲故事的力量	1
沟通，未来的艺术与科学	1
创造性破坏：如何创业、创新、改变世界	1
安全感	1
解放潜能：用系统思考来追求成功	1
像管理家一样思考：成功企业家和经理的思维方式	1
关键对话：如何安排问答，让您的想法深入人心	1
代际連結：打破时代背景的影响，搭起不同世代之间的沟通桥梁	1
17位科学家的日夜秀	1
中国的那些事儿	1
学会思考的艺术	1
谈话的科学	1
树影：自然如何塑造人类思想和文化	1
简洁之美：python代码之道	1
寻找人性之光	1
绝对音高大师	1
人类演化史	1
灵性最好的心理学	1
脑半球：人性如何分割？	1
敏捷思维	1
行为症状学	1
哲学总论	1
毒瘤	1
认知虚构：理解生命中的幻想和错误	1
故事的奇迹	1
思考：导论与方法	1
第六感：异类思维改变未来	1
管理沟通	1
源性思维：如何进行创新和变革	1
不确定性的游戏	1
睡梦智慧	1
设计心理学	1
荒野生存指南	1
解构语言学	1
关键词：人情味营销	1
修辞学：现代指南	1
自然语言处理	1
不拘一格：科技如何重塑未来	1
日本人为何这么聪明	1
读懂他人心	1
社交忽悠	1
爱克与泰洛	1
让时间陪你慢慢变富	1
神经心理学	1
潜力爆发：才华本质	1
思维怪才：心理学研究与OPEN THE DOOR突破缺陷技巧	1
超越智商：天才的捷径	1
灰色的思考	1
小说论	1
制度的陷阱	1
到了40岁，我们婚礼请帖上的名字一个个褪去	1
世界的凝视	1
自行其是的自由	1
这个国家不会输掉	1
天真与成熟	1
满月之夜白鲸现	1
特种兵之血狼突击	1
白帝城	1
新儒家思考	1
生于1984	1
南瓜地	1
你必须了解的500本世界文学	1
自欺十年	1
经济学家读本	1
一个陌生女人的来信	1
送你一颗子弹	1
斗殴俱乐部	1
哲学的力量：它如何改变我们的世界	1
我们都是难民	1
哥德尔、艾舍尔、巴赫：集异璧之大成	1
快乐的故事	1
一切皆有可能：亚特兰大老鹰如何革新美式橄榄球	1
解构的喜悦	1
赖昌星自述	1
我最好的朋友的生日	1
目送	1
蒸发的城市	1
罗马人的故事	1
每个人的时代都有个盛世	1
一定要去旅行	1
象与骆驼	1
吕克·弗莱什：理性与行动的哲学	1
虚构会议	1
观念的力量	1
知更鸟女孩	1
中国如何掌控世界	1
科技与文明	1
前方的路	1
逃离山村	1
Thinking, Fast and Slow	1
The Power of Habit	1
Influence: The Psychology of Persuasion	1
Blink: The Power of Thinking Without Thinking	1
Quiet: The Power of Introverts in a World That Can't Stop Talking	1
The 7 Habits of Highly Effective People	1
Mindsight: The New Science of Personal Transformation	1
Social: Why Our Brains Are Wired to Connect	1
The Art of Thinking Clearly	1
Man's Search for Meaning	1
The Happiness Hypothesis	1
How to Win Friends and Influence People	1
Stumbling on Happiness	1
深度学习实战指南	1
六祖坛经	1
谈判力	1
嫌疑人X的献身	1
奥巴马时代的失落工人	1
道德经济学	1
知行合一	1
你的第一本哲学书	1
叛逆的大脑	1
统计思维	1
故事	1
灵魂的疾病	1
不要让小事儿占据你的命运	1
有效的领导力	1
李约瑟与中国科学史研究选集	1
大设计	1
中国历代政治得失	1
我的奋斗	1
兄弟	1
The Paradox of Choice: Why More Is Less	1
The Upside of Your Dark Side	1
The Road Less Traveled	1
The Four Agreements	1
Drive: The Surprising Truth About What Motivates Us	1
The War of Art: Break Through the Blocks and Win Your Inner Creative Battles	1
SuperBetter: A Revolutionary Approach to Getting Stronger, Happier, Braver and More Resilient	1
The Lean Mindset: Ask the Right Questions	1
The Miracle Morning: The Not-So-Obvious Secret Guaranteed to Transform Your Life (Before 8AM)	1
The 5 AM Club: Own Your Morning, Elevate Your Life	1
The Compound Effect: Jumpstart Your Income, Your Life, Your Success	1
Atomic Habits: An Easy and Proven Way to Build Good Habits and Break Bad Ones	1
The Mind and the Brain: Neuroplasticity and the Power of Mental Force	1
The 5 AM Miracle: Dominate Your Day Before Breakfast	1
The Power of Positive Thinking	1
The Lean Entrepreneur: How to Win Big by Minimizing Your Risk	1
Sapiens: A Brief History of Humankind	1
极简思维导图	1
五大洲的孩子	1
Good to Great: Why Some Companies Make the Leapand Others Don't	1
The Now Habit: A Strategic Program for Overcoming Procrastination and Enjoying Guilt-Free Play	1
Mindset: The New Psychology of Success	1
Crucial Conversations: Tools for Talking When Stakes Are High	1
Meditations	1
The Lean Startup	1
Daring Greatly	1
The Alchemist	1
The Talent Code	1
The One Thing	1
The 5 Love Languages: The Secret to Love That Lasts	1
Nonviolent Communication: A Language of Life	1
The Willpower Instinct	1
The Anatomy of Peace: Resolving the Heart of Conflict	1
Nudge: Improving Decisions About Health, Wealth, and Happiness	1
The Magic of Thinking Big	1
How to Stop Worrying and Start Living	1
The Art of Possibility	1
一本书读懂中国史	1
商界人士的思维方式	1
端正自己的思考方式	1
主流	1
乌合之众的领袖	1
速读经济学	1
世界上最伟大的销售员	1
和时间做朋友	1
沃顿商学院的销售课	1
不毛地带	1
美的历程	1
万恶深渊	1
财富的选择	1
不可思议的乌托邦	1
领导力的五种能力	1
历史的终结与最后人	1
终极算法	1
不正之心	1
特朗普之战	1
永恒的边缘	1
扁担宴	1
社会交往心理学	1
北平无战事	1
脑的故事	1
沉思的科学	1
前进	1
头脑清晰的思考	1
整理的艺术	1
高效的秘密	1
当你吃早餐的时候，你养成了什么习惯	1
小狗钱钱	1
精进	1
这就是你要的人生吗	1
富爸爸的财务自由之路	1
简单的逻辑	1
乞力马扎罗的雪	1
失控0	1
技术本质	1
Drunk Tank Pink: And Other Unexpected Forces That Shape How We Think, Feel, and Behave	1
这才是心理学	1
夺日计划	1
演化的未来	1
可塑的大脑	1
在荒野中寻找心灵自由	1
表达与影响力	1
演讲与演说	1
执行力	1
情商导论	1
联想法	1
慢工作	1
网络预言机	1
去工作	1
创意	1
幸福	1
助推	1
不拘一格	1
效能者	1
感知协商	1
长期价值投资	1
给思维加速	1
商战	1
在人类寿命极限的边缘	1
鉴别力	1
盲眼天使	1
童心	1
喜爱夜莺	1
公正：我们是如何做决策的？	1
人性中的恶	1
成功的秘诀	1
乌合之众2	1
写给大家看的设计书（第三版）	1
别样的技术与文明	1
神经系统的运作方式	1
畅销公式	1
选出更好的自己	1
用科学证明灵魂的存在	1
意识的演化	1
你追到的不只是床	1
管理的六项基本原理	1
感性思维训练	1
聪明如何成事	1
沟通咨询	1
理财智慧	1
黑天鹅：如何应对不可预见的未来	1
开放的社会及其敌人	1
未来简史：从智人到智神	1
全球通史：从史前史到21世纪	1
谢幕	1
粗糙之道：简单却不简单	1
系统之美	1
当下的奇迹	1
金钱永不眠	1
一切皆有可习	1
灵活思维	1
如何影响他人	1
激发自我动力	1
人类大历史	1
强制性思维	1
放纵的自我	1
强大的心智	1
偏见：如何让情绪不影响判断	1
超越自卑	1
与孩子沟通的艺术	1
如何掌控自己的情绪	1
自我控制力	1
自我意识	1
如何读懂人性本能	1
影响之道	1
获得认同	1
有效沟通	1
自我导向的大学	1
自我领导力	1
怎样有效沟通	1
出类拔萃：全球顶尖执行者的秘密	1
超越压力	1
发现深度：走近冥想与创作的秘密	1
非常感人的书	1
找到你的人生意义	1
内在动机	1
自我成长的心理学	1
漫步人生	1
你可以强大到令人生畏	1
回归生活的艺术	1
抗压力的艺术	1
集中力	1
黑格尔现象学	1
改变任何事：持续性	1
致富套路	1
认知神经科学基础	1
智商相对论	1
发现生命的意义	1
为什么我们会赢	1
致命的决策	1
自我认同的陷阱	1
向上生长	1
短期交易长期思维	1
社会学的想象力	1
扁平化管理	1
变革的力量	1
创新方法	1
哲学的入门	1
谷歌之道	1
提问的艺术	1
格局：如何成为一个高效率的社会活动家	1
物以类聚：群体与社会的起源	1
生物本能	1
黄金法则	1
马基雅维利的统治艺术	1
谈话的力量	1
经济学之父	1
抗争的身份	1
曼昆经济学原理	1
神经科学	1
掌控自我	1
船长的女儿	1
精彩人生	1
在你身边的奇迹	1
脑的自我修复	1
书呆子到金牌主帅	1
集体智慧编程	1
信仰与认知	1
哲学说服力	1
我们的智慧源泉	1
街头智慧	1
你一定要过得开心	1
设计的心理学	1
孤独的灵魂	1
发现统计学	1
人性的底层	1
杀死一只知更鸟	1
开放社会及其敌人	1
阿·J·弗朗西斯传	1
进化的故事	1
演化的力量	1
黑暗森林	1
观念的起源	1
指数基金投资指南	1
戴高乐传	1
知识社会	1
元认知的奥秘	1
洛杉矶的城市生活	1
海伦·凯勒传	1
潜规则	1
中国历史大讲堂	1
行动的力量	1
坦坦尼克号	1
明朝那些事儿	1
心流：完美体验的心理学	1
走出错误地图	1
饥饿的城市：城市如何塑造我们的品味、思考和文化	1
休息的力量：女性创业者的压力调节之道	1
为什么我们要工作	1
误解人性	1
展示力	1
可复制的成功	1
深度清洁思维	1
团队生产力	1
果壳中的宇宙	1
思考的进化	1
衡量奇迹	1
红书：心灵的路程	1
智慧与偏见	1
人类灵魂简史	1
量子物理的微笑	1
想象的力量	1
情绪洗牌	1
管窥真相：揭示社会中的不声不响的规则	1
箱庭效应	1
乖乖女	1
恐惧症：对未知的恐惧	1
空想国度：如何激发创造性灵感	1
漫游人类智慧世界	1
懒惰的人自我管理秘籍	1
情感专业家	1
地球几案	1
打破习惯的力量	1
告别焦虑	1
自控力工具箱	1
学会安全的希望	1
社会学概论	1
让人惊叹的事	1
关于爱情和孤独的批判	1
故事：想象、行动和意向的故事心理学	1
愉快的哀悼	1
Emotional Intelligence: Why It Can Matter More Than IQ	1
生命0：人工智能时代，人类进化的下一步	1
社交媒体与社会力量	1
肆无忌惮地写作	1
欧几里得的元素	1
心是如何运作的	1
行动的勇气：灵活领导力的艺术	1
打造感知法：如何走出视角分裂，解锁领导力的力量	1
父母来了：考验我们宝贵亲密关系的成长过程	1
沉思的艺术	1
肌肉记忆	1
黑皮书	1
为什么你们那么慵懒	1
默写起来	1
大学之道	1
简明心理学	1
认知生态学：心智的发展与演化	1
心理学的基础	1
科学运动秘密	1
大统一理论	1
领导力原则	1
幸福：人生的追求	1
有效思考的33个策略	1
阿甘正传	1
漫步人生边缘	1
如何防止自己被愚弄	1
情绪智力	1
心流：如何进入自我超越状态	1
宽容度：为什么我们要互相容忍	1
方式：演练想法的力量	1
欢迎来到时间的沙漏	1
七种思维定式	1
如何让事情发生	1
心灵魔法师	1
链反应	1
焦虑时刻	1
黑暗中的孩子	1
凡人修仙传	1
认知内爬	1
意识的自我：认知神经科学入门	1
保持专注	1
句法大师：语言能力的科学与天赋	1
连结大师	1
虚拟大脑	1
数字化的大脑	1
挥发的大脑	1
人类的未来：全球化、自由和威胁	1
思考之道	1
格局：如何见识到更完美的事物	1
我们为什么会有效仿？	1
寻找失落的智慧：西方哲学史	1
领导力35岁之前	1
转换：新的科技引领新的企业革命	1
我至少还有你	1
超级获取：思维如何影响行动，行动如何制造好运？	1
解密：如何有效减少错误决策？	1
用科学解说：速成认知科学之旅	1
激情	1
极端排异症	1
思维大师	1
月光奇迹	1
只有偏见？	1
思维的习惯	1
强制驱动	1
另一种教育	1
跃迁：从人造卫星到人造肉	1
机器的崛起	1
意识：人类存续之疑	1
优秀的教练	1
大脑的故事：一部神经科学史	1
思维的天赋	1
科技与人类：对话经验	1
找到你的激情	1
卓有成效的人	1
动手做	1
赤裸裸的统计	1
堆积如山的证据	1
解构工作：员工如何感知自己以及它们之间的关系	1
识人：行动会说话	1
当坏事发生咋办	1
行为经济学：一本适合大众阅读的经济学入门	1
固化思维	1
孩子必须自己学	1
沉迷：数字时代的力量与弱点	1
肢体语言词典	1
横跨纵深：知识管理的实操指南	1
观察者：自我监控与领导力	1
好奇心	1
逻辑思维	1
人类，再见	1
意外：从概率角度看人生与市场	1
话语的力量：辞赋与影响	1
社会动员：新的组织形式如何改变社会、政治、经济	1
五大展望：20世纪以来的人文思想再审视	1
压力：为什么我们不能承受上升的压力，如何应对	1
写意人生	1
管理现代组织	1
格局改变	1
智慧的长跑	1
为达到理想而朝着自己的目标奋斗	1
怎样读懂一个人	1
为什么我们这么聪明却总情不自禁	1
演讲的力量--语言的本质	1
恶意与情感	1
为什么我这样聪明却没人想跟我合作	1
嵌入式心理学	1
快速思考：启发式思考指南	1
谈吐的力量	1
表情的艺术	1
情绪智商：对情感的理解能力比对智商更重要	1
领袖之谎	1
重构人类：生物学，道德，人类的未来	1
演说力	1
幸福的密码	1
奇思妙想的力量	1
行为经济学纲要	1
不安全的稳定态	1
眼中的希望	1
理性乐观主义与全球和平的实现	1
不和平社会	1
引向正义的修辞学	1
识别失误与决策殃及全球	1
理性的反乌托邦	1
文化创伤与哀悼	1
强奸与社会：一种性别的政治分析	1
文化模式的批判：一种人类学实践	1
历史、文化和危机的社会心理学	1
全球化时代的移民文化	1
数字社会学	1
国家数字计划的发展	1
计算与社会	1
电子政务概论	1
带我们走向光明：内在变革	1
扼杀自由：一部20世纪美国恐怖故事	1
卢旺达的呼声	1
依恋的天然与人造	1
快乐的钢铁侠	1
选择的艺术	1
思维潜能的开发	1
深度被动	1
灯塔原理	1
道德状态	1
所谓性格	1
延迟的正义	1
毒品的古老心理	1
脑萎缩的逆转与宽恕神经科学	1
霸权的崛起	1
回忆自由	1
文章	1
白人优越感	1
一点灵感	1
码头上的人生	1
浮士德	1
瞬间的力量	1
布莱克天鹅	1
超预示：为什么我们总能预知事情的发生	1
有为青年必读	1
启示录：机器学习时代对商业、自由、社会的影响	1
优秀到不能被忽视	1
最后的书商	1
卡夫卡岛	1
世界上最简单的经济学课	1
码农疯言疯语	1
人工智能的未来	1
计数器文化	1
侃爷传	1
芝加哥经济学派	1
月光男孩	1
贝多芬传	1
畅销之道	1
股票大作手回忆录	1
可复制的人	1
上访	1
是什么让这个世界转动	1
假如的历程	1
回忆录	1
血、汗与泪	1
人是如何记忆的	1
生看不见的东西	1
更好的明天	1
通往奴役之路	1
马上改善你的写作	1
思考和快乐	1
良心之善	1
认知改变的艺术	1
科技奇点	1
伪装与识破	1
资本主义的灵魂	1
千面英雄	1
旧事件	1
沙丘	1
学会提问：批判性思维指南	1
格局万象	1
攸县战役	1
不成熟的心	1
莫扎特与萨利耶里	1
走出封闭	1
芒果街上的小屋	1
自在独行：贾平凹的独行世界	1
中国的故事	1
裸露的足迹	1
我用真情付出了我的青春	1
故事人生	1
指环王	1
无问西东	1
菜根谭	1
有所不为	1
绿山墙的安妮	1
强大的一代	1
视频营销密码	1
创意之树	1
游戏化思维	1
夜行动物园	1
拖延心理学	1
复盘人生	1
童话人生	1
新约全书	1
灿烂千阳	1
突围：从设计思维到创业成功	1
不为人知的经济学	1
黑客帝国	1
十年之痒	1
河图	1
如何世界观	1
发现心流的意义	1
天才在左疯子在右	1
感性知识的恢复	1
什么决定我们的命运	1
魔法三秒钟	1
牛滋味	1
我为什么这么说	1
富民强国	1
优秀是习惯	1
再见了，舒适区	1
不完美的谷底	1
消失的卡片	1
因为没有人告诉我该怎么办	1
大梦想家	1
丰田方式	1
人际互动的力量	1
出现未知	1
快速思维力	1
思维模式的转变	1
全球式创新	1
你太重要了	1
普罗米修斯的悲剧	1
下注	1
怪诞心理学	1
掌控	1
成为毕业生秘诀	1
微动力	1
意识的狭隘	1
蒙着眼睛的乌鸦	1
行动的灵魂：成功的秘诀	1
交易新境界	1
个人资产管理	1
常识经济学	1
曼达拉的方式	1
归因陷阱	1
领导者的方式	1
写作风格的新要素	1
商业的机密	1
合力	1
纳米形状	1
精神的力量	1
问题解决者	1
灵性探究	1
关于认知神经科学的探索	1
认知科学	1
头脑开发实践	1
不确定性的智慧	1
对话与学习	1
情感比智商重要	1
认知家族治疗	1
智力与领导力	1
需要和可用性	1
程序颠覆者	1
灵魂的解读	1
女人的头脑	1
交际的艺术	1
领导学说与实践	1
我的大脑	1
心理学随笔	1
头脑工具箱	1
洞见	1
社会智慧的内在逻辑	1
认知盲点	1
心智漫游者	1
内隐成见	1
沉默的脑	1
智慧与愚蠢的边界	1
谁开了我的大脑	1
衡量我们对他人的看法	1
认知升华	1
无意识的欺骗	1
看不懂的大脑	1
关于人的意义	1
……学	1
护理与智力训练	1
戳穿谎言	1
人性的复杂性	1
卓越的公司是怎样炼成的	1
心理诊疗的心理学	1
爱，现代的心理治疗	1
站在巨人的肩膀上	1
改变你的大脑	1
拆解心理学	1
大脑面临的挑战	1
男女大脑	1
爱的感知	1
为什么，我们为什么不？	1
大脑的神秘力量	1
现象学的中心	1
算法与本质	1
这是我们的大脑	1
物理案例：从爱因斯坦到超弦论	1
热情与常识	1
自我知觉心理学与认知神经科学	1
情绪智商的力量	1
言语、心智和现实	1
跨越边界	1
神经与人性	1
经营思路	1
深入芯片制造	1
电子商务与企业管理	1
智慧企业：管理新思路	1
组织学习	1
思考，快而慢	1
小脑发育的非凡旅程	1
走出认知误区	1
随分之美	1
关于记忆的错觉	1
困惑的猴子	1
阅读的奇妙旅程：从文字到意义	1
有意识的自律	1
为什么感觉世界在变化：神经科学的`奥秘	1
限制，展开你的潜能	1
大脑的挑战之旅	1
头脑与世界	1
人类大脑发展史：进化、发展和个体经验	1
优达学习	1
七段式思维法	1
有效能人的七个习惯	1
战争的艺术	1
美满人生核心	1
解密霍金	1
费城故事	1
求职手册	1
摆渡人	1
莲花	1
彷徨之主：拉丁美洲统一	1
货币的本质	1
富兰克林自传	1
真理与方法	1
华丽的谎言	1
拜巴拉奥列夫船长	1
有效的管理	1
问路之人	1
楼梯效应	1
情感万象	1
时间的特性：时间整合的心理学）	1
个体化医学	1
在思想世界里度过漫长的白天：公共事务的哲学	1
壮观的科学：探究人的认知、行为和制度的基础	1
多因素性格测试	1
心理：世界的历史	1
智者千虑必有一失	1
磨炼正义与批判性思维的行动力	1
批判性思维和之道	1
创新的游戏	1
心理诊疗的哲学基础	1
人类心理的传统：私下思考和公共声音	1
有趣的科学：奖励、愉悦和探究才智	1
认知心理学的新潮流	1
教育性的头脑	1
谈笔生意	1
自我塑造	1
你的灵魂属于你	1
十架原则	1
创新心态	1
心智的模式	1
卡片，谷歌和我们的大脑	1
原则：工作和生活的行动指南	1
巨人的工具	1
伊斯兰教和现代世界	1
为什么我们做事那么费劲	1
思考，学习，快乐	1
文化符号的力量	1
行为经济学基础	1
个人史与自我认同	1
得到	1
人类纪元的启示	1
情感生命周期	1
全球大趋势	1
新草根经济学	1
了不起的心灵鸡汤	1
复盘人类：前所未有的科学启示	1
故事结构	1
成功的内外因素	1
谈话的艺术	1
做事的诀窍	1
多元智能	1
眨眼之间	1
沉思: 深度思维的艺术	1
驱动力	1
快乐的思考	1
头脑图法	1
好好学习	1
关键思考	1
认知心理学导论	1
客户体验	1
想象	1
成功原理	1
文学名著诠释：耐克•博洛夫	1
游戏理论101	1
行动派的哲学	1
简·爱	1
21世纪资本论	1
获得性无知	1
社会生活中的人性弱点	1
乌托邦	1
失落的信息	1
文化的欲望	1
感性认识论	1
民主的后果	1
时间的形而上学	1
资本主义与性情	1
智慧的衡量	1
三部曲	1
现代性的理解	1
潜能领导力	1
麦卡锡主义的影响	1
你的生命，你的解答	1
时间的前瞻性与后见性	1
隐性表达的艺术	1
投资策略	1
见识	1
深度反思	1
快乐生活的心理学	1
众生之镜	1
掌控自己的时间和生活	1
最高的天赋	1
破窗效应	1
反思与修辞	1
理性思维的艺术	1
脆弱性理论：开启创意的游戏规则	1
行动的力量：原始思维之道	1
卓越领导力	1
无需品牌	1
慢商业	1
构建用户画像	1
图解思维	1
为以后而战	1
什么是生命	1
肯尼迪秘密档案	1
悟空传	1
民主的纪念碑	1
尝试让你不再焦虑	1
明日简史	1
真实的人类心理：刻画嫉妒、爱、恐惧这些情感的故事	1
你只看到了阳光下的草地	1
情商：为什么情商比智商更重要	1
血战钢锯岭	1
挑战墨菲法则	1
初心大爆炸	1
智力的陷阱	1
哲学家们都干了些什么	1
四个小时的工作周	1
给孩子的文具书	1
轻松的人生	1
教养的艺术	1
奇迹之旅：妇女的成长之路	1
成为领导者	1
创造力	1
认知教育学	1
黑客心态	1
孩子，别急着长大	1
大脑的自我修养	1
青少年社群：独立、身份、互联网	1
颠覆者：杰夫·贝佐斯和亚马逊时代	1
一个人的精神成长	1
谁偷走了时间	1
流浪狗之歌	1
独处的力量	1
世界上最幸福的孩子	1
谷歌：互联网的故事	1
去谈恋爱吧	1
你一定爱读的极简欧洲史	1
大问题解决指南	1
组织行为学：个体、团队与组织的行为与管理	1
问一万个为什么	1
领袖梦工厂	1
构建高效团队	1
快乐的陷阱	1
思考与写作	1
诗经·国风	1
百年孤寂	1
进化心理学	1
类比思维与知识迁移	1
培训教育与企业发展	1
社会动物－人的本性与社会性	1
深深的蓝色海洋	1
生命黑匣子	1
从第三类接触到第一类接触	1
乌合之众＋论法国革命	1
团队五项法	1
你的灯亮着吗	1
刻意思维	1
一切困难都是礼物	1
漫步华尔街	1
宇宙的形成	1
蓝色海洋战略	1
选美心理学	1
良心经济学	1
愤怒的葡萄	1
中国深度观察——白鹿原	1
社群策略	1
福尔摩斯探案全集	1
生活万岁	1
学会做减法	1
交互设计沉思录	1
头脑特工队	1
智慧与疯狂之间	1
创优天下：超越竞争的智慧	1
价值的规则	1
爆裂：如何成为一个超级作家	1
别为小事物烦恼	1
乌合之众与精英统治	1
一本书读懂经济学	1
积极心理学	1
简明宇宙史	1
向死而生	1
科学革命的结构	1
霸王别姬	1
格点国度	1
格林童话集	1
赢在中国	1
盖茨传	1
一本诗一双鞋	1
君主论	1
六度分离	1
第三波	1
一粒种子	1
神秘岛	1
一个普通人的历史	1
思想的乐趣	1
无声的春雷	1
卡夫卡的电报	1
疯狂世界末日	1
另类的投资组合	1
冷战	1
国富论	1
脑的自我修养	1
人类大起源	1
永远的乔布斯	1
系统思维	1
人间草木	1
身体回忆	1
半数现象	1
科技想要什么	1
奇航记	1
获得悟性的艺术	1
行动的勇气	1
你一定爱读的极简经济学	1
蝇王	1
当善良成为风险：帮助他人的科学和实践	1
智慧力	1
解读人类智慧的密码	1
成为怪才的秘密	1
向死而生：神经科学揭开意识之谜	1
时间解剖学：时间如何影响我们的思想、身体和行为	1
感觉与知觉的深度心理学	1
道德本能	1
身体语言识别	1
管窥蜗牛	1
关于爱、性和约会的一切	1
个人所得税法制课程	1
超越智商：探究情商和周详的艺术	1
赢在说服	1
火星心理学	1
金融市场的随机漫步	1
科学大故事	1
人类未来	1
复杂的简单	1
我们身处的世界	1
禅者的初心	1
倾城之恋	1
伦敦眼中的中国	1
山居笔记	1
物种起源	1
心理学词典	1
魏晋南北朝诗选	1
趋势新方向	1
演化的故事：生命如何起源并演变至今	1
心理善恶之源	1
超级预测：为什么我们信任专家，却总是被他们误导	1
迎接新文明	1
纳尔逊曼德拉自传	1
整个世界都像是一个商店奶奶	1
改变自己的大脑	1
大道至简	1
极简心理学	1
逆生长：后物质时代的哲学	1
善意的谎言：为什么我们总是误判心情，却又相信自己是正确的	1
深度思考：批判性思维的艺术和科学	1
交际要则	1
最好的我们：中国青年话题报告	1
快速学习	1
帅出新高度：从外貌到内涵，离成功更近	1
习惯小事：小改变带来大变化	1
黑箱思维：决策思考的逻辑	1
社交秘技	1
完美行动：掌控你的时间，完美你的行动	1
慢思考的艺术	1
绝对时间:超越时间束缚的奥秘	1
如何让婚姻更美好	1
洒脱人生	1
开眼看世界：15位智慧大师的思考方式	1
领导博弈	1
在精神科治疗中应用的认知行为疗法	1
集体智慧	1
掌控局面	1
恐惧心理学	1
制服	1
付出，得到：生命赚钱的道理	1
领导心理学	1
执行力：执行策略与时间管理	1
孤独的力量	1
改变习惯	1
认知能力和学习	1
问题解决与决策：内隐心理学的视角	1
优秀的团队	1
改变：结构性思维与动态工作的设计	1
快速判断力：如何做出快速而准确的决策	1
自控心理学	1
思维融合	1
爱如渴	1
思考的机器：如何重塑人类与人工智能的未来	1
自控力：抵制即时满足，战胜恶习，成为更好的你	1
批判性思维工具箱	1
过剩的活力	1
技术终结了什么	1
我们的全民精神病	1
小组心理学	1
定向思维	1
经济学万岁	1
内向型人才的力量	1
启迪之魂	1
谷歌的智慧	1
启示录：数字未来的秘密历程	1
载荷/效率	1
为什么个性会影响我们的运气	1
我们周围的人	1
自洽场理论	1
哈佛政治评论	1
祖传的语言	1
尼采的基督教	1
以形塑之	1
社会学是一种危险学问	1
人类行为的根源	1
狄更斯世界的一半	1
支配的三种形式	1
心理如何驱动经济	1
乐活	1
旅行的意义	1
衡量是什么	1
沉默的世界	1
广告的魔力	1
做事的样子	1
信任的力量	1
人性中的贪婪	1
来自新科技的新威胁	1
思考履约	1
仪式	1
想象力的探索	1
你的情感导航仪	1
语言、认知、文化的融合	1
习得性无助	1
行为变革	1
光荣与梦想	1
关键思维	1
概率思维	1
道德情感	1
100万个为什么	1
爱与意识	1
真相	1
空气的阅读	1
弱势群体的权利	1
经济学的奥妙	1
面对危机	1
教育的目的	1
慢读	1
心智模仿	1
永恒的九分钟	1
变形记	1
认知天性	1
人才是唯一资本	1
思考的智慧	1
一本小书，看得懂的经济学	1
月亮屋的小女孩	1
积极领导力	1
移动优先	1
良性竞争	1
行动心理学	1
动机相对论	1
智能物联网	1
学会自律	1
未来是哪些人创造出来的	1
谈心与检验	1
跨越理性与感性的胡同	1
彻底改变创造力的源泉	1
认知治疗	1
情绪智商0	1
大脑规划	1
结构化思维	1
乌合之众与心理战	1
打造卓越团队	1
人类命运共同体	1
管理101	1
发现你的优势	1
从优秀到卓越	1
重塑大脑	1
20/80法则	1
最强大脑	1
无声自信	1
全球化的陷阱	1
这就是印度	1
改变工作方式	1
追寻卓越	1
团队合作	1
致富之路	1
如何写一本畅销书	1
简单的法则	1
时间的形状	1
一切都是谎言	1
活生生的人	1
大脑的阅读	1
夜行动植物	1
语言学的细节	1
未知的未知	1
重商主义与自由主义的历史比较	1
极品演讲：聆听天堂、感受人间	1
意识与大脑	1
关键对话：如何高效能沟通	1
人工智能时代：大数据与商业决策	1
智慧型组织	1
时间简史：从大爆炸到黑洞	1
文化的缺陷	1
元气工作法	1
成功的基础	1
智慧企业	1
仪式与秩序：文明的源泉	1
思考，快与慢：科学精华版	1
学会与人相处	1
社会认知进化史	1
亲密关系的魔力	1
快乐学习：解锁你的智慧潜能	1
让孩子快乐学习	1
事实中的虚幻	1
哲学的欢愉	1
如何高效工作	1
恶童儿：究竟是什么让一些人变得邪恶	1
局外人	1
超越感性的哲学	1
为什么你该靠右	1
关于爱情、人生和看似无关紧要的事情	1
人工智能简史	1
科学的力量	1
时间阶段的结构	1
Silent Messages	1
犯罪学	1
谷歌大脑：机器试图战胜神经科学	1
不必担忧的世界	1
修炼自己的思考力	1
关于孤独的代价	1
做做梦吧	1
枪炮、病菌和钢铁	1
深度必修课	1
神经科学：探究心灵与行为的科学	1
素质教育	1
时间是把双刃剑	1
不爲人知的美国历史	1
七分钟之后	1
解读人体语言	1
人际关系中的情感智慧	1
按摩与人类的深层关系	1
12种思维误区	1
现象与本质	1
逃离杜鹃岛	1
内心的机器	1
感觉与知觉	1
毛姆短篇小说选	1
人月神话	1
8小时工作制的崩溃	1
团队协作的五大障碍	1
文明的冲突	1
裂变	1
个人资本论	1
首席执行官的工作	1
极简力量法则	1
付费模型	1
创业维艰	1
团队导向用户体验设计	1
无情的竞争	1
永恒的乌托邦	1
生活艺术	1
道德奇迹	1
怪胎与书呆子	1
不再拖延	1
当我谈跑步时我谈些什么	1
儒家的智慧：如何做一个更好的人	1
伟大的盖茨比	1
感性生活	1
帝国的自我毁灭	1
焦虑与恐惧的自我控制	1
意外的哲学者	1
乡村的死与复生	1
思维塔	1
斯普特尼克恐慌	1
有限与无限的游戏	1
语言与思维的迷关	1
世间的种种	1
猴子也能听懂的项目管理	1
